{"accuracy": 0.7047619047619048, "specificity": 0.25, "sensitivity": 0.7865168539325843}